{
 "labelsOn": true,
 "refreshRate": 1000,
 "height": 25,
 "labelColor": [
  0.9333333333333333,
  0.9333333333333333,
  0.9254901960784314,
  1
 ],
 "backgroundColor": [
  0.5,
  0.5,
  0.5,
  0.1
 ],
 "cpu": {
  "enabled": true,
  "width": 40,
  "colors": [
   [
    0.4470588235294118,
    0.6235294117647059,
    0.8117647058823529,
    1
   ],
   [
    0.7568627450980392,
    0.49019607843137253,
    0.06666666666666667,
    1
   ],
   [
    0.4470588235294118,
    0.6235294117647059,
    0.8117647058823529,
    1
   ],
   [
    0.7568627450980392,
    0.49019607843137253,
    0.06666666666666667,
    1
   ]
  ]
 },
 "mem": {
  "enabled": true,
  "width": 40,
  "colors": [
   [
    0.5607843137254902,
    0.34901960784313724,
    0.00784313725490196,
    1
   ],
   [
    0.7568627450980392,
    0.49019607843137253,
    0.06666666666666667,
    1
   ],
   [
    0.9137254901960784,
    0.7254901960784313,
    0.43137254901960786,
    1
   ],
   [
    0.9,
    0.9,
    0.9,
    0.1
   ]
  ],
  "swapcolors": [
   [
    1,
    1,
    1,
    0.15
   ]
  ]
 },
 "net": {
  "enabled": true,
  "autoscale": true,
  "logscale": true,
  "width": 40,
  "devices": {
   "wlp2s0": {
    "enabled": true,
    "show": true,
    "colors": [
     [
      0.12549019607843137,
      0.2901960784313726,
      0.5294117647058824,
      1
     ],
     [
      0.4470588235294118,
      0.6235294117647059,
      0.8117647058823529,
      1
     ]
    ]
   },
   "lo": {
    "enabled": true,
    "show": true,
    "colors": [
     [
      0.9,
      0.9,
      0.9,
      0.1
     ],
     [
      0,
      0,
      0,
      0.6
     ]
    ]
   },
   "enx60e3271f34a4": {
    "enabled": true,
    "show": false,
    "colors": [
     [
      0.6431372549019608,
      0,
      0,
      1
     ],
     [
      0.8666666666666667,
      0.5055555555555556,
      0.5055555555555556,
      1
     ]
    ]
   },
   "eth0": {
    "enabled": true,
    "show": false,
    "colors": [
     [
      1,
      1,
      1,
      0.8
     ],
     [
      0,
      0,
      0,
      0.6
     ]
    ]
   }
  }
 },
 "disk": {
  "enabled": true,
  "autoscale": true,
  "logscale": true,
  "width": 40,
  "devices": {
   "/": {
    "enabled": true,
    "show": true,
    "colors": [
     [
      0.9137254901960784,
      0.7254901960784313,
      0.43137254901960786,
      1
     ],
     [
      0.5607843137254902,
      0.34901960784313724,
      0.00784313725490196,
      1
     ]
    ]
   },
   "524 GB Volume": {
    "enabled": true,
    "show": false,
    "colors": [
     [
      1,
      1,
      1,
      0.8
     ],
     [
      0,
      0,
      0,
      0.6
     ]
    ]
   },
   "Elements": {
    "enabled": true,
    "show": false,
    "colors": [
     [
      1,
      1,
      1,
      0.8
     ],
     [
      0,
      0,
      0,
      0.6
     ]
    ]
   }
  }
 }
}
